time,n_infected,prop_ever_infected,prop_currently_infected,n_recovered,prop_recovered,b_cxn_peers,b_cxn_total,b_cxn_symp,iter
0.0,1.0,0.0016286644951140066,0.0,0.0,0.0,-0.5,-3.5,-1.5,1
1.0,1.0,0.0016286644951140066,0.0016286644951140066,0.0,0.0,-0.5,-3.5,-1.5,1
2.0,1.0,0.0016286644951140066,0.0016286644951140066,0.0,0.0,-0.5,-3.5,-1.5,1
3.0,1.0,0.0016286644951140066,0.0016286644951140066,0.0,0.0,-0.5,-3.5,-1.5,1
4.0,1.0,0.0016286644951140066,0.0016286644951140066,0.0,0.0,-0.5,-3.5,-1.5,1
5.0,1.0,0.0016286644951140066,0.0016286644951140066,0.0,0.0,-0.5,-3.5,-1.5,1
6.0,1.0,0.0016286644951140066,0.0016286644951140066,0.0,0.0,-0.5,-3.5,-1.5,1
7.0,1.0,0.0016286644951140066,0.0016286644951140066,0.0,0.0,-0.5,-3.5,-1.5,1
8.0,1.0,0.0016286644951140066,0.0016286644951140066,0.0,0.0,-0.5,-3.5,-1.5,1
9.0,1.0,0.0016286644951140066,0.0016286644951140066,0.0,0.0,-0.5,-3.5,-1.5,1
10.0,1.0,0.0016286644951140066,0.0016286644951140066,0.0,0.0,-0.5,-3.5,-1.5,1
11.0,1.0,0.0016286644951140066,0.0016286644951140066,0.0,0.0,-0.5,-3.5,-1.5,1
12.0,1.0,0.0016286644951140066,0.0016286644951140066,0.0,0.0,-0.5,-3.5,-1.5,1
13.0,1.0,0.0016286644951140066,0.0016286644951140066,0.0,0.0,-0.5,-3.5,-1.5,1
14.0,1.0,0.003257328990228013,0.0016286644951140066,1.0,0.5,-0.5,-3.5,-1.5,1
15.0,1.0,0.003257328990228013,0.0016286644951140066,1.0,0.5,-0.5,-3.5,-1.5,1
16.0,1.0,0.003257328990228013,0.0016286644951140066,1.0,0.5,-0.5,-3.5,-1.5,1
17.0,2.0,0.004885993485342019,0.003257328990228013,1.0,0.3333333333333333,-0.5,-3.5,-1.5,1
18.0,3.0,0.006514657980456026,0.004885993485342019,1.0,0.25,-0.5,-3.5,-1.5,1
19.0,3.0,0.006514657980456026,0.004885993485342019,1.0,0.25,-0.5,-3.5,-1.5,1
20.0,3.0,0.006514657980456026,0.004885993485342019,1.0,0.25,-0.5,-3.5,-1.5,1
21.0,3.0,0.006514657980456026,0.004885993485342019,1.0,0.25,-0.5,-3.5,-1.5,1
22.0,3.0,0.006514657980456026,0.004885993485342019,1.0,0.25,-0.5,-3.5,-1.5,1
23.0,3.0,0.006514657980456026,0.004885993485342019,1.0,0.25,-0.5,-3.5,-1.5,1
24.0,3.0,0.006514657980456026,0.004885993485342019,1.0,0.25,-0.5,-3.5,-1.5,1
25.0,4.0,0.008143322475570033,0.006514657980456026,1.0,0.2,-0.5,-3.5,-1.5,1
26.0,4.0,0.008143322475570033,0.006514657980456026,1.0,0.2,-0.5,-3.5,-1.5,1
27.0,4.0,0.008143322475570033,0.006514657980456026,1.0,0.2,-0.5,-3.5,-1.5,1
28.0,3.0,0.008143322475570033,0.004885993485342019,2.0,0.4,-0.5,-3.5,-1.5,1
29.0,3.0,0.008143322475570033,0.004885993485342019,2.0,0.4,-0.5,-3.5,-1.5,1
30.0,3.0,0.008143322475570033,0.004885993485342019,2.0,0.4,-0.5,-3.5,-1.5,1
31.0,2.0,0.008143322475570033,0.003257328990228013,3.0,0.6,-0.5,-3.5,-1.5,1
32.0,1.0,0.008143322475570033,0.0016286644951140066,4.0,0.8,-0.5,-3.5,-1.5,1
33.0,1.0,0.008143322475570033,0.0016286644951140066,4.0,0.8,-0.5,-3.5,-1.5,1
34.0,1.0,0.008143322475570033,0.0016286644951140066,4.0,0.8,-0.5,-3.5,-1.5,1
35.0,1.0,0.008143322475570033,0.0016286644951140066,4.0,0.8,-0.5,-3.5,-1.5,1
36.0,1.0,0.008143322475570033,0.0016286644951140066,4.0,0.8,-0.5,-3.5,-1.5,1
37.0,1.0,0.008143322475570033,0.0016286644951140066,4.0,0.8,-0.5,-3.5,-1.5,1
38.0,1.0,0.008143322475570033,0.0016286644951140066,4.0,0.8,-0.5,-3.5,-1.5,1
39.0,0.0,0.008143322475570033,0.0,5.0,1.0,-0.5,-3.5,-1.5,1
200.0,0.0,0.008143322475570033,0.0,5.0,1.0,-0.5,-3.5,-1.5,1
0.0,1.0,0.0016286644951140066,0.0,0.0,0.0,-0.5,-3.5,-1.5,2
1.0,1.0,0.0016286644951140066,0.0016286644951140066,0.0,0.0,-0.5,-3.5,-1.5,2
2.0,1.0,0.0016286644951140066,0.0016286644951140066,0.0,0.0,-0.5,-3.5,-1.5,2
3.0,1.0,0.0016286644951140066,0.0016286644951140066,0.0,0.0,-0.5,-3.5,-1.5,2
4.0,1.0,0.0016286644951140066,0.0016286644951140066,0.0,0.0,-0.5,-3.5,-1.5,2
5.0,1.0,0.0016286644951140066,0.0016286644951140066,0.0,0.0,-0.5,-3.5,-1.5,2
6.0,1.0,0.0016286644951140066,0.0016286644951140066,0.0,0.0,-0.5,-3.5,-1.5,2
7.0,2.0,0.003257328990228013,0.003257328990228013,0.0,0.0,-0.5,-3.5,-1.5,2
8.0,2.0,0.003257328990228013,0.003257328990228013,0.0,0.0,-0.5,-3.5,-1.5,2
9.0,2.0,0.003257328990228013,0.003257328990228013,0.0,0.0,-0.5,-3.5,-1.5,2
10.0,2.0,0.003257328990228013,0.003257328990228013,0.0,0.0,-0.5,-3.5,-1.5,2
11.0,2.0,0.003257328990228013,0.003257328990228013,0.0,0.0,-0.5,-3.5,-1.5,2
12.0,2.0,0.003257328990228013,0.003257328990228013,0.0,0.0,-0.5,-3.5,-1.5,2
13.0,2.0,0.003257328990228013,0.003257328990228013,0.0,0.0,-0.5,-3.5,-1.5,2
14.0,1.0,0.003257328990228013,0.0016286644951140066,1.0,0.5,-0.5,-3.5,-1.5,2
15.0,1.0,0.003257328990228013,0.0016286644951140066,1.0,0.5,-0.5,-3.5,-1.5,2
16.0,1.0,0.003257328990228013,0.0016286644951140066,1.0,0.5,-0.5,-3.5,-1.5,2
17.0,1.0,0.003257328990228013,0.0016286644951140066,1.0,0.5,-0.5,-3.5,-1.5,2
18.0,1.0,0.003257328990228013,0.0016286644951140066,1.0,0.5,-0.5,-3.5,-1.5,2
19.0,1.0,0.003257328990228013,0.0016286644951140066,1.0,0.5,-0.5,-3.5,-1.5,2
20.0,1.0,0.003257328990228013,0.0016286644951140066,1.0,0.5,-0.5,-3.5,-1.5,2
21.0,0.0,0.003257328990228013,0.0,2.0,1.0,-0.5,-3.5,-1.5,2
200.0,0.0,0.003257328990228013,0.0,2.0,1.0,-0.5,-3.5,-1.5,2
0.0,1.0,0.0016286644951140066,0.0,0.0,0.0,-0.5,-3.5,-2.0,1
1.0,1.0,0.0016286644951140066,0.0016286644951140066,0.0,0.0,-0.5,-3.5,-2.0,1
2.0,1.0,0.0016286644951140066,0.0016286644951140066,0.0,0.0,-0.5,-3.5,-2.0,1
3.0,1.0,0.0016286644951140066,0.0016286644951140066,0.0,0.0,-0.5,-3.5,-2.0,1
4.0,1.0,0.0016286644951140066,0.0016286644951140066,0.0,0.0,-0.5,-3.5,-2.0,1
5.0,1.0,0.0016286644951140066,0.0016286644951140066,0.0,0.0,-0.5,-3.5,-2.0,1
6.0,1.0,0.0016286644951140066,0.0016286644951140066,0.0,0.0,-0.5,-3.5,-2.0,1
7.0,1.0,0.0016286644951140066,0.0016286644951140066,0.0,0.0,-0.5,-3.5,-2.0,1
8.0,1.0,0.0016286644951140066,0.0016286644951140066,0.0,0.0,-0.5,-3.5,-2.0,1
9.0,1.0,0.0016286644951140066,0.0016286644951140066,0.0,0.0,-0.5,-3.5,-2.0,1
10.0,1.0,0.0016286644951140066,0.0016286644951140066,0.0,0.0,-0.5,-3.5,-2.0,1
11.0,1.0,0.0016286644951140066,0.0016286644951140066,0.0,0.0,-0.5,-3.5,-2.0,1
12.0,1.0,0.0016286644951140066,0.0016286644951140066,0.0,0.0,-0.5,-3.5,-2.0,1
13.0,1.0,0.0016286644951140066,0.0016286644951140066,0.0,0.0,-0.5,-3.5,-2.0,1
14.0,0.0,0.0016286644951140066,0.0,1.0,1.0,-0.5,-3.5,-2.0,1
200.0,0.0,0.0016286644951140066,0.0,1.0,1.0,-0.5,-3.5,-2.0,1
0.0,1.0,0.0016286644951140066,0.0,0.0,0.0,-0.5,-3.5,-2.0,2
1.0,1.0,0.0016286644951140066,0.0016286644951140066,0.0,0.0,-0.5,-3.5,-2.0,2
2.0,1.0,0.0016286644951140066,0.0016286644951140066,0.0,0.0,-0.5,-3.5,-2.0,2
3.0,1.0,0.0016286644951140066,0.0016286644951140066,0.0,0.0,-0.5,-3.5,-2.0,2
4.0,1.0,0.0016286644951140066,0.0016286644951140066,0.0,0.0,-0.5,-3.5,-2.0,2
5.0,1.0,0.0016286644951140066,0.0016286644951140066,0.0,0.0,-0.5,-3.5,-2.0,2
6.0,1.0,0.0016286644951140066,0.0016286644951140066,0.0,0.0,-0.5,-3.5,-2.0,2
7.0,1.0,0.0016286644951140066,0.0016286644951140066,0.0,0.0,-0.5,-3.5,-2.0,2
8.0,1.0,0.0016286644951140066,0.0016286644951140066,0.0,0.0,-0.5,-3.5,-2.0,2
9.0,1.0,0.0016286644951140066,0.0016286644951140066,0.0,0.0,-0.5,-3.5,-2.0,2
10.0,1.0,0.0016286644951140066,0.0016286644951140066,0.0,0.0,-0.5,-3.5,-2.0,2
11.0,1.0,0.0016286644951140066,0.0016286644951140066,0.0,0.0,-0.5,-3.5,-2.0,2
12.0,1.0,0.0016286644951140066,0.0016286644951140066,0.0,0.0,-0.5,-3.5,-2.0,2
13.0,1.0,0.0016286644951140066,0.0016286644951140066,0.0,0.0,-0.5,-3.5,-2.0,2
14.0,0.0,0.0016286644951140066,0.0,1.0,1.0,-0.5,-3.5,-2.0,2
200.0,0.0,0.0016286644951140066,0.0,1.0,1.0,-0.5,-3.5,-2.0,2
0.0,1.0,0.0016286644951140066,0.0,0.0,0.0,-0.5,-5.0,-1.5,1
1.0,2.0,0.003257328990228013,0.003257328990228013,0.0,0.0,-0.5,-5.0,-1.5,1
2.0,2.0,0.003257328990228013,0.003257328990228013,0.0,0.0,-0.5,-5.0,-1.5,1
3.0,2.0,0.003257328990228013,0.003257328990228013,0.0,0.0,-0.5,-5.0,-1.5,1
4.0,2.0,0.003257328990228013,0.003257328990228013,0.0,0.0,-0.5,-5.0,-1.5,1
5.0,2.0,0.003257328990228013,0.003257328990228013,0.0,0.0,-0.5,-5.0,-1.5,1
6.0,2.0,0.003257328990228013,0.003257328990228013,0.0,0.0,-0.5,-5.0,-1.5,1
7.0,2.0,0.003257328990228013,0.003257328990228013,0.0,0.0,-0.5,-5.0,-1.5,1
8.0,2.0,0.003257328990228013,0.003257328990228013,0.0,0.0,-0.5,-5.0,-1.5,1
9.0,3.0,0.004885993485342019,0.004885993485342019,0.0,0.0,-0.5,-5.0,-1.5,1
10.0,3.0,0.004885993485342019,0.004885993485342019,0.0,0.0,-0.5,-5.0,-1.5,1
11.0,3.0,0.004885993485342019,0.004885993485342019,0.0,0.0,-0.5,-5.0,-1.5,1
12.0,3.0,0.004885993485342019,0.004885993485342019,0.0,0.0,-0.5,-5.0,-1.5,1
13.0,3.0,0.004885993485342019,0.004885993485342019,0.0,0.0,-0.5,-5.0,-1.5,1
14.0,3.0,0.006514657980456026,0.004885993485342019,1.0,0.25,-0.5,-5.0,-1.5,1
15.0,2.0,0.006514657980456026,0.003257328990228013,2.0,0.5,-0.5,-5.0,-1.5,1
16.0,2.0,0.006514657980456026,0.003257328990228013,2.0,0.5,-0.5,-5.0,-1.5,1
17.0,2.0,0.006514657980456026,0.003257328990228013,2.0,0.5,-0.5,-5.0,-1.5,1
18.0,2.0,0.006514657980456026,0.003257328990228013,2.0,0.5,-0.5,-5.0,-1.5,1
19.0,2.0,0.006514657980456026,0.003257328990228013,2.0,0.5,-0.5,-5.0,-1.5,1
20.0,2.0,0.006514657980456026,0.003257328990228013,2.0,0.5,-0.5,-5.0,-1.5,1
21.0,2.0,0.006514657980456026,0.003257328990228013,2.0,0.5,-0.5,-5.0,-1.5,1
22.0,3.0,0.008143322475570033,0.004885993485342019,2.0,0.4,-0.5,-5.0,-1.5,1
23.0,2.0,0.008143322475570033,0.003257328990228013,3.0,0.6,-0.5,-5.0,-1.5,1
24.0,2.0,0.008143322475570033,0.003257328990228013,3.0,0.6,-0.5,-5.0,-1.5,1
25.0,2.0,0.008143322475570033,0.003257328990228013,3.0,0.6,-0.5,-5.0,-1.5,1
26.0,2.0,0.008143322475570033,0.003257328990228013,3.0,0.6,-0.5,-5.0,-1.5,1
27.0,2.0,0.008143322475570033,0.003257328990228013,3.0,0.6,-0.5,-5.0,-1.5,1
28.0,1.0,0.008143322475570033,0.0016286644951140066,4.0,0.8,-0.5,-5.0,-1.5,1
29.0,2.0,0.009771986970684038,0.003257328990228013,4.0,0.6666666666666666,-0.5,-5.0,-1.5,1
30.0,2.0,0.009771986970684038,0.003257328990228013,4.0,0.6666666666666666,-0.5,-5.0,-1.5,1
31.0,2.0,0.009771986970684038,0.003257328990228013,4.0,0.6666666666666666,-0.5,-5.0,-1.5,1
32.0,2.0,0.009771986970684038,0.003257328990228013,4.0,0.6666666666666666,-0.5,-5.0,-1.5,1
33.0,2.0,0.009771986970684038,0.003257328990228013,4.0,0.6666666666666666,-0.5,-5.0,-1.5,1
34.0,2.0,0.009771986970684038,0.003257328990228013,4.0,0.6666666666666666,-0.5,-5.0,-1.5,1
35.0,2.0,0.009771986970684038,0.003257328990228013,4.0,0.6666666666666666,-0.5,-5.0,-1.5,1
36.0,1.0,0.009771986970684038,0.0016286644951140066,5.0,0.8333333333333334,-0.5,-5.0,-1.5,1
37.0,1.0,0.009771986970684038,0.0016286644951140066,5.0,0.8333333333333334,-0.5,-5.0,-1.5,1
38.0,2.0,0.011400651465798045,0.003257328990228013,5.0,0.7142857142857143,-0.5,-5.0,-1.5,1
39.0,3.0,0.013029315960912053,0.004885993485342019,5.0,0.625,-0.5,-5.0,-1.5,1
40.0,3.0,0.013029315960912053,0.004885993485342019,5.0,0.625,-0.5,-5.0,-1.5,1
41.0,3.0,0.013029315960912053,0.004885993485342019,5.0,0.625,-0.5,-5.0,-1.5,1
42.0,3.0,0.013029315960912053,0.004885993485342019,5.0,0.625,-0.5,-5.0,-1.5,1
43.0,2.0,0.013029315960912053,0.003257328990228013,6.0,0.75,-0.5,-5.0,-1.5,1
44.0,2.0,0.013029315960912053,0.003257328990228013,6.0,0.75,-0.5,-5.0,-1.5,1
45.0,4.0,0.016286644951140065,0.006514657980456026,6.0,0.6,-0.5,-5.0,-1.5,1
46.0,4.0,0.016286644951140065,0.006514657980456026,6.0,0.6,-0.5,-5.0,-1.5,1
47.0,4.0,0.016286644951140065,0.006514657980456026,6.0,0.6,-0.5,-5.0,-1.5,1
48.0,4.0,0.016286644951140065,0.006514657980456026,6.0,0.6,-0.5,-5.0,-1.5,1
49.0,5.0,0.017915309446254073,0.008143322475570033,6.0,0.5454545454545454,-0.5,-5.0,-1.5,1
50.0,5.0,0.017915309446254073,0.008143322475570033,6.0,0.5454545454545454,-0.5,-5.0,-1.5,1
51.0,5.0,0.017915309446254073,0.008143322475570033,6.0,0.5454545454545454,-0.5,-5.0,-1.5,1
52.0,4.0,0.017915309446254073,0.006514657980456026,7.0,0.6363636363636364,-0.5,-5.0,-1.5,1
53.0,3.0,0.017915309446254073,0.004885993485342019,8.0,0.7272727272727273,-0.5,-5.0,-1.5,1
54.0,5.0,0.021172638436482084,0.008143322475570033,8.0,0.6153846153846154,-0.5,-5.0,-1.5,1
55.0,6.0,0.02280130293159609,0.009771986970684038,8.0,0.5714285714285714,-0.5,-5.0,-1.5,1
56.0,6.0,0.02280130293159609,0.009771986970684038,8.0,0.5714285714285714,-0.5,-5.0,-1.5,1
57.0,6.0,0.02280130293159609,0.009771986970684038,8.0,0.5714285714285714,-0.5,-5.0,-1.5,1
58.0,6.0,0.02280130293159609,0.009771986970684038,8.0,0.5714285714285714,-0.5,-5.0,-1.5,1
59.0,5.0,0.024429967426710098,0.008143322475570033,10.0,0.6666666666666666,-0.5,-5.0,-1.5,1
60.0,5.0,0.024429967426710098,0.008143322475570033,10.0,0.6666666666666666,-0.5,-5.0,-1.5,1
61.0,5.0,0.024429967426710098,0.008143322475570033,10.0,0.6666666666666666,-0.5,-5.0,-1.5,1
62.0,6.0,0.026058631921824105,0.009771986970684038,10.0,0.625,-0.5,-5.0,-1.5,1
63.0,5.0,0.026058631921824105,0.008143322475570033,11.0,0.6875,-0.5,-5.0,-1.5,1
64.0,6.0,0.02768729641693811,0.009771986970684038,11.0,0.6470588235294118,-0.5,-5.0,-1.5,1
65.0,6.0,0.02768729641693811,0.009771986970684038,11.0,0.6470588235294118,-0.5,-5.0,-1.5,1
66.0,6.0,0.02768729641693811,0.009771986970684038,11.0,0.6470588235294118,-0.5,-5.0,-1.5,1
67.0,8.0,0.030944625407166124,0.013029315960912053,11.0,0.5789473684210527,-0.5,-5.0,-1.5,1
68.0,6.0,0.030944625407166124,0.009771986970684038,13.0,0.6842105263157895,-0.5,-5.0,-1.5,1
69.0,5.0,0.030944625407166124,0.008143322475570033,14.0,0.7368421052631579,-0.5,-5.0,-1.5,1
70.0,5.0,0.030944625407166124,0.008143322475570033,14.0,0.7368421052631579,-0.5,-5.0,-1.5,1
71.0,5.0,0.030944625407166124,0.008143322475570033,14.0,0.7368421052631579,-0.5,-5.0,-1.5,1
72.0,5.0,0.030944625407166124,0.008143322475570033,14.0,0.7368421052631579,-0.5,-5.0,-1.5,1
73.0,4.0,0.030944625407166124,0.006514657980456026,15.0,0.7894736842105263,-0.5,-5.0,-1.5,1
74.0,4.0,0.030944625407166124,0.006514657980456026,15.0,0.7894736842105263,-0.5,-5.0,-1.5,1
75.0,5.0,0.03257328990228013,0.008143322475570033,15.0,0.75,-0.5,-5.0,-1.5,1
76.0,4.0,0.03257328990228013,0.006514657980456026,16.0,0.8,-0.5,-5.0,-1.5,1
77.0,4.0,0.03257328990228013,0.006514657980456026,16.0,0.8,-0.5,-5.0,-1.5,1
78.0,3.0,0.03257328990228013,0.004885993485342019,17.0,0.85,-0.5,-5.0,-1.5,1
79.0,3.0,0.03257328990228013,0.004885993485342019,17.0,0.85,-0.5,-5.0,-1.5,1
80.0,3.0,0.03257328990228013,0.004885993485342019,17.0,0.85,-0.5,-5.0,-1.5,1
81.0,1.0,0.03257328990228013,0.0016286644951140066,19.0,0.95,-0.5,-5.0,-1.5,1
82.0,1.0,0.03257328990228013,0.0016286644951140066,19.0,0.95,-0.5,-5.0,-1.5,1
83.0,1.0,0.03257328990228013,0.0016286644951140066,19.0,0.95,-0.5,-5.0,-1.5,1
84.0,1.0,0.03257328990228013,0.0016286644951140066,19.0,0.95,-0.5,-5.0,-1.5,1
85.0,1.0,0.03257328990228013,0.0016286644951140066,19.0,0.95,-0.5,-5.0,-1.5,1
86.0,1.0,0.03257328990228013,0.0016286644951140066,19.0,0.95,-0.5,-5.0,-1.5,1
87.0,1.0,0.03257328990228013,0.0016286644951140066,19.0,0.95,-0.5,-5.0,-1.5,1
88.0,1.0,0.03257328990228013,0.0016286644951140066,19.0,0.95,-0.5,-5.0,-1.5,1
89.0,0.0,0.03257328990228013,0.0,20.0,1.0,-0.5,-5.0,-1.5,1
200.0,0.0,0.03257328990228013,0.0,20.0,1.0,-0.5,-5.0,-1.5,1
0.0,1.0,0.0016286644951140066,0.0,0.0,0.0,-0.5,-5.0,-1.5,2
1.0,1.0,0.0016286644951140066,0.0016286644951140066,0.0,0.0,-0.5,-5.0,-1.5,2
2.0,1.0,0.0016286644951140066,0.0016286644951140066,0.0,0.0,-0.5,-5.0,-1.5,2
3.0,1.0,0.0016286644951140066,0.0016286644951140066,0.0,0.0,-0.5,-5.0,-1.5,2
4.0,1.0,0.0016286644951140066,0.0016286644951140066,0.0,0.0,-0.5,-5.0,-1.5,2
5.0,1.0,0.0016286644951140066,0.0016286644951140066,0.0,0.0,-0.5,-5.0,-1.5,2
6.0,2.0,0.003257328990228013,0.003257328990228013,0.0,0.0,-0.5,-5.0,-1.5,2
7.0,3.0,0.004885993485342019,0.004885993485342019,0.0,0.0,-0.5,-5.0,-1.5,2
8.0,3.0,0.004885993485342019,0.004885993485342019,0.0,0.0,-0.5,-5.0,-1.5,2
9.0,3.0,0.004885993485342019,0.004885993485342019,0.0,0.0,-0.5,-5.0,-1.5,2
10.0,3.0,0.004885993485342019,0.004885993485342019,0.0,0.0,-0.5,-5.0,-1.5,2
11.0,3.0,0.004885993485342019,0.004885993485342019,0.0,0.0,-0.5,-5.0,-1.5,2
12.0,4.0,0.006514657980456026,0.006514657980456026,0.0,0.0,-0.5,-5.0,-1.5,2
13.0,4.0,0.006514657980456026,0.006514657980456026,0.0,0.0,-0.5,-5.0,-1.5,2
14.0,3.0,0.006514657980456026,0.004885993485342019,1.0,0.25,-0.5,-5.0,-1.5,2
15.0,3.0,0.006514657980456026,0.004885993485342019,1.0,0.25,-0.5,-5.0,-1.5,2
16.0,3.0,0.006514657980456026,0.004885993485342019,1.0,0.25,-0.5,-5.0,-1.5,2
17.0,3.0,0.006514657980456026,0.004885993485342019,1.0,0.25,-0.5,-5.0,-1.5,2
18.0,3.0,0.006514657980456026,0.004885993485342019,1.0,0.25,-0.5,-5.0,-1.5,2
19.0,4.0,0.008143322475570033,0.006514657980456026,1.0,0.2,-0.5,-5.0,-1.5,2
20.0,3.0,0.008143322475570033,0.004885993485342019,2.0,0.4,-0.5,-5.0,-1.5,2
21.0,2.0,0.008143322475570033,0.003257328990228013,3.0,0.6,-0.5,-5.0,-1.5,2
22.0,2.0,0.008143322475570033,0.003257328990228013,3.0,0.6,-0.5,-5.0,-1.5,2
23.0,2.0,0.008143322475570033,0.003257328990228013,3.0,0.6,-0.5,-5.0,-1.5,2
24.0,2.0,0.008143322475570033,0.003257328990228013,3.0,0.6,-0.5,-5.0,-1.5,2
25.0,2.0,0.008143322475570033,0.003257328990228013,3.0,0.6,-0.5,-5.0,-1.5,2
26.0,1.0,0.008143322475570033,0.0016286644951140066,4.0,0.8,-0.5,-5.0,-1.5,2
27.0,1.0,0.008143322475570033,0.0016286644951140066,4.0,0.8,-0.5,-5.0,-1.5,2
28.0,1.0,0.008143322475570033,0.0016286644951140066,4.0,0.8,-0.5,-5.0,-1.5,2
29.0,1.0,0.008143322475570033,0.0016286644951140066,4.0,0.8,-0.5,-5.0,-1.5,2
30.0,1.0,0.008143322475570033,0.0016286644951140066,4.0,0.8,-0.5,-5.0,-1.5,2
31.0,1.0,0.008143322475570033,0.0016286644951140066,4.0,0.8,-0.5,-5.0,-1.5,2
32.0,1.0,0.008143322475570033,0.0016286644951140066,4.0,0.8,-0.5,-5.0,-1.5,2
33.0,0.0,0.008143322475570033,0.0,5.0,1.0,-0.5,-5.0,-1.5,2
200.0,0.0,0.008143322475570033,0.0,5.0,1.0,-0.5,-5.0,-1.5,2
0.0,1.0,0.0016286644951140066,0.0,0.0,0.0,-0.5,-5.0,-2.0,1
1.0,1.0,0.0016286644951140066,0.0016286644951140066,0.0,0.0,-0.5,-5.0,-2.0,1
2.0,1.0,0.0016286644951140066,0.0016286644951140066,0.0,0.0,-0.5,-5.0,-2.0,1
3.0,1.0,0.0016286644951140066,0.0016286644951140066,0.0,0.0,-0.5,-5.0,-2.0,1
4.0,1.0,0.0016286644951140066,0.0016286644951140066,0.0,0.0,-0.5,-5.0,-2.0,1
5.0,1.0,0.0016286644951140066,0.0016286644951140066,0.0,0.0,-0.5,-5.0,-2.0,1
6.0,1.0,0.0016286644951140066,0.0016286644951140066,0.0,0.0,-0.5,-5.0,-2.0,1
7.0,1.0,0.0016286644951140066,0.0016286644951140066,0.0,0.0,-0.5,-5.0,-2.0,1
8.0,1.0,0.0016286644951140066,0.0016286644951140066,0.0,0.0,-0.5,-5.0,-2.0,1
9.0,1.0,0.0016286644951140066,0.0016286644951140066,0.0,0.0,-0.5,-5.0,-2.0,1
10.0,1.0,0.0016286644951140066,0.0016286644951140066,0.0,0.0,-0.5,-5.0,-2.0,1
11.0,1.0,0.0016286644951140066,0.0016286644951140066,0.0,0.0,-0.5,-5.0,-2.0,1
12.0,1.0,0.0016286644951140066,0.0016286644951140066,0.0,0.0,-0.5,-5.0,-2.0,1
13.0,1.0,0.0016286644951140066,0.0016286644951140066,0.0,0.0,-0.5,-5.0,-2.0,1
14.0,0.0,0.0016286644951140066,0.0,1.0,1.0,-0.5,-5.0,-2.0,1
200.0,0.0,0.0016286644951140066,0.0,1.0,1.0,-0.5,-5.0,-2.0,1
0.0,1.0,0.0016286644951140066,0.0,0.0,0.0,-0.5,-5.0,-2.0,2
1.0,1.0,0.0016286644951140066,0.0016286644951140066,0.0,0.0,-0.5,-5.0,-2.0,2
2.0,1.0,0.0016286644951140066,0.0016286644951140066,0.0,0.0,-0.5,-5.0,-2.0,2
3.0,1.0,0.0016286644951140066,0.0016286644951140066,0.0,0.0,-0.5,-5.0,-2.0,2
4.0,1.0,0.0016286644951140066,0.0016286644951140066,0.0,0.0,-0.5,-5.0,-2.0,2
5.0,1.0,0.0016286644951140066,0.0016286644951140066,0.0,0.0,-0.5,-5.0,-2.0,2
6.0,1.0,0.0016286644951140066,0.0016286644951140066,0.0,0.0,-0.5,-5.0,-2.0,2
7.0,1.0,0.0016286644951140066,0.0016286644951140066,0.0,0.0,-0.5,-5.0,-2.0,2
8.0,1.0,0.0016286644951140066,0.0016286644951140066,0.0,0.0,-0.5,-5.0,-2.0,2
9.0,1.0,0.0016286644951140066,0.0016286644951140066,0.0,0.0,-0.5,-5.0,-2.0,2
10.0,1.0,0.0016286644951140066,0.0016286644951140066,0.0,0.0,-0.5,-5.0,-2.0,2
11.0,1.0,0.0016286644951140066,0.0016286644951140066,0.0,0.0,-0.5,-5.0,-2.0,2
12.0,1.0,0.0016286644951140066,0.0016286644951140066,0.0,0.0,-0.5,-5.0,-2.0,2
13.0,1.0,0.0016286644951140066,0.0016286644951140066,0.0,0.0,-0.5,-5.0,-2.0,2
14.0,0.0,0.0016286644951140066,0.0,1.0,1.0,-0.5,-5.0,-2.0,2
200.0,0.0,0.0016286644951140066,0.0,1.0,1.0,-0.5,-5.0,-2.0,2
0.0,1.0,0.0016286644951140066,0.0,0.0,0.0,-0.75,-3.5,-1.5,1
1.0,1.0,0.0016286644951140066,0.0016286644951140066,0.0,0.0,-0.75,-3.5,-1.5,1
2.0,1.0,0.0016286644951140066,0.0016286644951140066,0.0,0.0,-0.75,-3.5,-1.5,1
3.0,1.0,0.0016286644951140066,0.0016286644951140066,0.0,0.0,-0.75,-3.5,-1.5,1
4.0,1.0,0.0016286644951140066,0.0016286644951140066,0.0,0.0,-0.75,-3.5,-1.5,1
5.0,1.0,0.0016286644951140066,0.0016286644951140066,0.0,0.0,-0.75,-3.5,-1.5,1
6.0,1.0,0.0016286644951140066,0.0016286644951140066,0.0,0.0,-0.75,-3.5,-1.5,1
7.0,1.0,0.0016286644951140066,0.0016286644951140066,0.0,0.0,-0.75,-3.5,-1.5,1
8.0,1.0,0.0016286644951140066,0.0016286644951140066,0.0,0.0,-0.75,-3.5,-1.5,1
9.0,1.0,0.0016286644951140066,0.0016286644951140066,0.0,0.0,-0.75,-3.5,-1.5,1
10.0,1.0,0.0016286644951140066,0.0016286644951140066,0.0,0.0,-0.75,-3.5,-1.5,1
11.0,1.0,0.0016286644951140066,0.0016286644951140066,0.0,0.0,-0.75,-3.5,-1.5,1
12.0,1.0,0.0016286644951140066,0.0016286644951140066,0.0,0.0,-0.75,-3.5,-1.5,1
13.0,1.0,0.0016286644951140066,0.0016286644951140066,0.0,0.0,-0.75,-3.5,-1.5,1
14.0,0.0,0.0016286644951140066,0.0,1.0,1.0,-0.75,-3.5,-1.5,1
200.0,0.0,0.0016286644951140066,0.0,1.0,1.0,-0.75,-3.5,-1.5,1
0.0,1.0,0.0016286644951140066,0.0,0.0,0.0,-0.75,-3.5,-1.5,2
1.0,1.0,0.0016286644951140066,0.0016286644951140066,0.0,0.0,-0.75,-3.5,-1.5,2
2.0,1.0,0.0016286644951140066,0.0016286644951140066,0.0,0.0,-0.75,-3.5,-1.5,2
3.0,1.0,0.0016286644951140066,0.0016286644951140066,0.0,0.0,-0.75,-3.5,-1.5,2
4.0,1.0,0.0016286644951140066,0.0016286644951140066,0.0,0.0,-0.75,-3.5,-1.5,2
5.0,1.0,0.0016286644951140066,0.0016286644951140066,0.0,0.0,-0.75,-3.5,-1.5,2
6.0,1.0,0.0016286644951140066,0.0016286644951140066,0.0,0.0,-0.75,-3.5,-1.5,2
7.0,1.0,0.0016286644951140066,0.0016286644951140066,0.0,0.0,-0.75,-3.5,-1.5,2
8.0,1.0,0.0016286644951140066,0.0016286644951140066,0.0,0.0,-0.75,-3.5,-1.5,2
9.0,1.0,0.0016286644951140066,0.0016286644951140066,0.0,0.0,-0.75,-3.5,-1.5,2
10.0,1.0,0.0016286644951140066,0.0016286644951140066,0.0,0.0,-0.75,-3.5,-1.5,2
11.0,1.0,0.0016286644951140066,0.0016286644951140066,0.0,0.0,-0.75,-3.5,-1.5,2
12.0,1.0,0.0016286644951140066,0.0016286644951140066,0.0,0.0,-0.75,-3.5,-1.5,2
13.0,2.0,0.003257328990228013,0.003257328990228013,0.0,0.0,-0.75,-3.5,-1.5,2
14.0,1.0,0.003257328990228013,0.0016286644951140066,1.0,0.5,-0.75,-3.5,-1.5,2
15.0,1.0,0.003257328990228013,0.0016286644951140066,1.0,0.5,-0.75,-3.5,-1.5,2
16.0,1.0,0.003257328990228013,0.0016286644951140066,1.0,0.5,-0.75,-3.5,-1.5,2
17.0,1.0,0.003257328990228013,0.0016286644951140066,1.0,0.5,-0.75,-3.5,-1.5,2
18.0,1.0,0.003257328990228013,0.0016286644951140066,1.0,0.5,-0.75,-3.5,-1.5,2
19.0,1.0,0.003257328990228013,0.0016286644951140066,1.0,0.5,-0.75,-3.5,-1.5,2
20.0,1.0,0.003257328990228013,0.0016286644951140066,1.0,0.5,-0.75,-3.5,-1.5,2
21.0,1.0,0.003257328990228013,0.0016286644951140066,1.0,0.5,-0.75,-3.5,-1.5,2
22.0,1.0,0.003257328990228013,0.0016286644951140066,1.0,0.5,-0.75,-3.5,-1.5,2
23.0,1.0,0.003257328990228013,0.0016286644951140066,1.0,0.5,-0.75,-3.5,-1.5,2
24.0,1.0,0.003257328990228013,0.0016286644951140066,1.0,0.5,-0.75,-3.5,-1.5,2
25.0,1.0,0.003257328990228013,0.0016286644951140066,1.0,0.5,-0.75,-3.5,-1.5,2
26.0,1.0,0.003257328990228013,0.0016286644951140066,1.0,0.5,-0.75,-3.5,-1.5,2
27.0,0.0,0.003257328990228013,0.0,2.0,1.0,-0.75,-3.5,-1.5,2
200.0,0.0,0.003257328990228013,0.0,2.0,1.0,-0.75,-3.5,-1.5,2
0.0,1.0,0.0016286644951140066,0.0,0.0,0.0,-0.75,-3.5,-2.0,1
1.0,1.0,0.0016286644951140066,0.0016286644951140066,0.0,0.0,-0.75,-3.5,-2.0,1
2.0,1.0,0.0016286644951140066,0.0016286644951140066,0.0,0.0,-0.75,-3.5,-2.0,1
3.0,1.0,0.0016286644951140066,0.0016286644951140066,0.0,0.0,-0.75,-3.5,-2.0,1
4.0,1.0,0.0016286644951140066,0.0016286644951140066,0.0,0.0,-0.75,-3.5,-2.0,1
5.0,1.0,0.0016286644951140066,0.0016286644951140066,0.0,0.0,-0.75,-3.5,-2.0,1
6.0,1.0,0.0016286644951140066,0.0016286644951140066,0.0,0.0,-0.75,-3.5,-2.0,1
7.0,1.0,0.0016286644951140066,0.0016286644951140066,0.0,0.0,-0.75,-3.5,-2.0,1
8.0,1.0,0.0016286644951140066,0.0016286644951140066,0.0,0.0,-0.75,-3.5,-2.0,1
9.0,1.0,0.0016286644951140066,0.0016286644951140066,0.0,0.0,-0.75,-3.5,-2.0,1
10.0,1.0,0.0016286644951140066,0.0016286644951140066,0.0,0.0,-0.75,-3.5,-2.0,1
11.0,1.0,0.0016286644951140066,0.0016286644951140066,0.0,0.0,-0.75,-3.5,-2.0,1
12.0,1.0,0.0016286644951140066,0.0016286644951140066,0.0,0.0,-0.75,-3.5,-2.0,1
13.0,1.0,0.0016286644951140066,0.0016286644951140066,0.0,0.0,-0.75,-3.5,-2.0,1
14.0,0.0,0.0016286644951140066,0.0,1.0,1.0,-0.75,-3.5,-2.0,1
200.0,0.0,0.0016286644951140066,0.0,1.0,1.0,-0.75,-3.5,-2.0,1
0.0,1.0,0.0016286644951140066,0.0,0.0,0.0,-0.75,-3.5,-2.0,2
1.0,1.0,0.0016286644951140066,0.0016286644951140066,0.0,0.0,-0.75,-3.5,-2.0,2
2.0,1.0,0.0016286644951140066,0.0016286644951140066,0.0,0.0,-0.75,-3.5,-2.0,2
3.0,1.0,0.0016286644951140066,0.0016286644951140066,0.0,0.0,-0.75,-3.5,-2.0,2
4.0,1.0,0.0016286644951140066,0.0016286644951140066,0.0,0.0,-0.75,-3.5,-2.0,2
5.0,1.0,0.0016286644951140066,0.0016286644951140066,0.0,0.0,-0.75,-3.5,-2.0,2
6.0,1.0,0.0016286644951140066,0.0016286644951140066,0.0,0.0,-0.75,-3.5,-2.0,2
7.0,1.0,0.0016286644951140066,0.0016286644951140066,0.0,0.0,-0.75,-3.5,-2.0,2
8.0,1.0,0.0016286644951140066,0.0016286644951140066,0.0,0.0,-0.75,-3.5,-2.0,2
9.0,1.0,0.0016286644951140066,0.0016286644951140066,0.0,0.0,-0.75,-3.5,-2.0,2
10.0,1.0,0.0016286644951140066,0.0016286644951140066,0.0,0.0,-0.75,-3.5,-2.0,2
11.0,1.0,0.0016286644951140066,0.0016286644951140066,0.0,0.0,-0.75,-3.5,-2.0,2
12.0,1.0,0.0016286644951140066,0.0016286644951140066,0.0,0.0,-0.75,-3.5,-2.0,2
13.0,1.0,0.0016286644951140066,0.0016286644951140066,0.0,0.0,-0.75,-3.5,-2.0,2
14.0,0.0,0.0016286644951140066,0.0,1.0,1.0,-0.75,-3.5,-2.0,2
200.0,0.0,0.0016286644951140066,0.0,1.0,1.0,-0.75,-3.5,-2.0,2
0.0,1.0,0.0016286644951140066,0.0,0.0,0.0,-0.75,-5.0,-1.5,1
1.0,1.0,0.0016286644951140066,0.0016286644951140066,0.0,0.0,-0.75,-5.0,-1.5,1
2.0,1.0,0.0016286644951140066,0.0016286644951140066,0.0,0.0,-0.75,-5.0,-1.5,1
3.0,1.0,0.0016286644951140066,0.0016286644951140066,0.0,0.0,-0.75,-5.0,-1.5,1
4.0,1.0,0.0016286644951140066,0.0016286644951140066,0.0,0.0,-0.75,-5.0,-1.5,1
5.0,1.0,0.0016286644951140066,0.0016286644951140066,0.0,0.0,-0.75,-5.0,-1.5,1
6.0,1.0,0.0016286644951140066,0.0016286644951140066,0.0,0.0,-0.75,-5.0,-1.5,1
7.0,1.0,0.0016286644951140066,0.0016286644951140066,0.0,0.0,-0.75,-5.0,-1.5,1
8.0,1.0,0.0016286644951140066,0.0016286644951140066,0.0,0.0,-0.75,-5.0,-1.5,1
9.0,2.0,0.003257328990228013,0.003257328990228013,0.0,0.0,-0.75,-5.0,-1.5,1
10.0,2.0,0.003257328990228013,0.003257328990228013,0.0,0.0,-0.75,-5.0,-1.5,1
11.0,2.0,0.003257328990228013,0.003257328990228013,0.0,0.0,-0.75,-5.0,-1.5,1
12.0,2.0,0.003257328990228013,0.003257328990228013,0.0,0.0,-0.75,-5.0,-1.5,1
13.0,2.0,0.003257328990228013,0.003257328990228013,0.0,0.0,-0.75,-5.0,-1.5,1
14.0,1.0,0.003257328990228013,0.0016286644951140066,1.0,0.5,-0.75,-5.0,-1.5,1
15.0,1.0,0.003257328990228013,0.0016286644951140066,1.0,0.5,-0.75,-5.0,-1.5,1
16.0,1.0,0.003257328990228013,0.0016286644951140066,1.0,0.5,-0.75,-5.0,-1.5,1
17.0,1.0,0.003257328990228013,0.0016286644951140066,1.0,0.5,-0.75,-5.0,-1.5,1
18.0,1.0,0.003257328990228013,0.0016286644951140066,1.0,0.5,-0.75,-5.0,-1.5,1
19.0,1.0,0.003257328990228013,0.0016286644951140066,1.0,0.5,-0.75,-5.0,-1.5,1
20.0,1.0,0.003257328990228013,0.0016286644951140066,1.0,0.5,-0.75,-5.0,-1.5,1
21.0,1.0,0.003257328990228013,0.0016286644951140066,1.0,0.5,-0.75,-5.0,-1.5,1
22.0,1.0,0.003257328990228013,0.0016286644951140066,1.0,0.5,-0.75,-5.0,-1.5,1
23.0,0.0,0.003257328990228013,0.0,2.0,1.0,-0.75,-5.0,-1.5,1
200.0,0.0,0.003257328990228013,0.0,2.0,1.0,-0.75,-5.0,-1.5,1
0.0,1.0,0.0016286644951140066,0.0,0.0,0.0,-0.75,-5.0,-1.5,2
1.0,1.0,0.0016286644951140066,0.0016286644951140066,0.0,0.0,-0.75,-5.0,-1.5,2
2.0,1.0,0.0016286644951140066,0.0016286644951140066,0.0,0.0,-0.75,-5.0,-1.5,2
3.0,1.0,0.0016286644951140066,0.0016286644951140066,0.0,0.0,-0.75,-5.0,-1.5,2
4.0,1.0,0.0016286644951140066,0.0016286644951140066,0.0,0.0,-0.75,-5.0,-1.5,2
5.0,1.0,0.0016286644951140066,0.0016286644951140066,0.0,0.0,-0.75,-5.0,-1.5,2
6.0,1.0,0.0016286644951140066,0.0016286644951140066,0.0,0.0,-0.75,-5.0,-1.5,2
7.0,2.0,0.003257328990228013,0.003257328990228013,0.0,0.0,-0.75,-5.0,-1.5,2
8.0,3.0,0.004885993485342019,0.004885993485342019,0.0,0.0,-0.75,-5.0,-1.5,2
9.0,3.0,0.004885993485342019,0.004885993485342019,0.0,0.0,-0.75,-5.0,-1.5,2
10.0,3.0,0.004885993485342019,0.004885993485342019,0.0,0.0,-0.75,-5.0,-1.5,2
11.0,3.0,0.004885993485342019,0.004885993485342019,0.0,0.0,-0.75,-5.0,-1.5,2
12.0,3.0,0.004885993485342019,0.004885993485342019,0.0,0.0,-0.75,-5.0,-1.5,2
13.0,3.0,0.004885993485342019,0.004885993485342019,0.0,0.0,-0.75,-5.0,-1.5,2
14.0,2.0,0.004885993485342019,0.003257328990228013,1.0,0.3333333333333333,-0.75,-5.0,-1.5,2
15.0,2.0,0.004885993485342019,0.003257328990228013,1.0,0.3333333333333333,-0.75,-5.0,-1.5,2
16.0,2.0,0.004885993485342019,0.003257328990228013,1.0,0.3333333333333333,-0.75,-5.0,-1.5,2
17.0,2.0,0.004885993485342019,0.003257328990228013,1.0,0.3333333333333333,-0.75,-5.0,-1.5,2
18.0,2.0,0.004885993485342019,0.003257328990228013,1.0,0.3333333333333333,-0.75,-5.0,-1.5,2
19.0,2.0,0.004885993485342019,0.003257328990228013,1.0,0.3333333333333333,-0.75,-5.0,-1.5,2
20.0,2.0,0.004885993485342019,0.003257328990228013,1.0,0.3333333333333333,-0.75,-5.0,-1.5,2
21.0,1.0,0.004885993485342019,0.0016286644951140066,2.0,0.6666666666666666,-0.75,-5.0,-1.5,2
22.0,0.0,0.004885993485342019,0.0,3.0,1.0,-0.75,-5.0,-1.5,2
200.0,0.0,0.004885993485342019,0.0,3.0,1.0,-0.75,-5.0,-1.5,2
0.0,1.0,0.0016286644951140066,0.0,0.0,0.0,-0.75,-5.0,-2.0,1
1.0,1.0,0.0016286644951140066,0.0016286644951140066,0.0,0.0,-0.75,-5.0,-2.0,1
2.0,1.0,0.0016286644951140066,0.0016286644951140066,0.0,0.0,-0.75,-5.0,-2.0,1
3.0,1.0,0.0016286644951140066,0.0016286644951140066,0.0,0.0,-0.75,-5.0,-2.0,1
4.0,1.0,0.0016286644951140066,0.0016286644951140066,0.0,0.0,-0.75,-5.0,-2.0,1
5.0,1.0,0.0016286644951140066,0.0016286644951140066,0.0,0.0,-0.75,-5.0,-2.0,1
6.0,1.0,0.0016286644951140066,0.0016286644951140066,0.0,0.0,-0.75,-5.0,-2.0,1
7.0,1.0,0.0016286644951140066,0.0016286644951140066,0.0,0.0,-0.75,-5.0,-2.0,1
8.0,1.0,0.0016286644951140066,0.0016286644951140066,0.0,0.0,-0.75,-5.0,-2.0,1
9.0,1.0,0.0016286644951140066,0.0016286644951140066,0.0,0.0,-0.75,-5.0,-2.0,1
10.0,1.0,0.0016286644951140066,0.0016286644951140066,0.0,0.0,-0.75,-5.0,-2.0,1
11.0,1.0,0.0016286644951140066,0.0016286644951140066,0.0,0.0,-0.75,-5.0,-2.0,1
12.0,1.0,0.0016286644951140066,0.0016286644951140066,0.0,0.0,-0.75,-5.0,-2.0,1
13.0,1.0,0.0016286644951140066,0.0016286644951140066,0.0,0.0,-0.75,-5.0,-2.0,1
14.0,0.0,0.0016286644951140066,0.0,1.0,1.0,-0.75,-5.0,-2.0,1
200.0,0.0,0.0016286644951140066,0.0,1.0,1.0,-0.75,-5.0,-2.0,1
0.0,1.0,0.0016286644951140066,0.0,0.0,0.0,-0.75,-5.0,-2.0,2
1.0,1.0,0.0016286644951140066,0.0016286644951140066,0.0,0.0,-0.75,-5.0,-2.0,2
2.0,1.0,0.0016286644951140066,0.0016286644951140066,0.0,0.0,-0.75,-5.0,-2.0,2
3.0,1.0,0.0016286644951140066,0.0016286644951140066,0.0,0.0,-0.75,-5.0,-2.0,2
4.0,1.0,0.0016286644951140066,0.0016286644951140066,0.0,0.0,-0.75,-5.0,-2.0,2
5.0,1.0,0.0016286644951140066,0.0016286644951140066,0.0,0.0,-0.75,-5.0,-2.0,2
6.0,1.0,0.0016286644951140066,0.0016286644951140066,0.0,0.0,-0.75,-5.0,-2.0,2
7.0,1.0,0.0016286644951140066,0.0016286644951140066,0.0,0.0,-0.75,-5.0,-2.0,2
8.0,1.0,0.0016286644951140066,0.0016286644951140066,0.0,0.0,-0.75,-5.0,-2.0,2
9.0,1.0,0.0016286644951140066,0.0016286644951140066,0.0,0.0,-0.75,-5.0,-2.0,2
10.0,1.0,0.0016286644951140066,0.0016286644951140066,0.0,0.0,-0.75,-5.0,-2.0,2
11.0,2.0,0.003257328990228013,0.003257328990228013,0.0,0.0,-0.75,-5.0,-2.0,2
12.0,2.0,0.003257328990228013,0.003257328990228013,0.0,0.0,-0.75,-5.0,-2.0,2
13.0,2.0,0.003257328990228013,0.003257328990228013,0.0,0.0,-0.75,-5.0,-2.0,2
14.0,1.0,0.003257328990228013,0.0016286644951140066,1.0,0.5,-0.75,-5.0,-2.0,2
15.0,1.0,0.003257328990228013,0.0016286644951140066,1.0,0.5,-0.75,-5.0,-2.0,2
16.0,1.0,0.003257328990228013,0.0016286644951140066,1.0,0.5,-0.75,-5.0,-2.0,2
17.0,1.0,0.003257328990228013,0.0016286644951140066,1.0,0.5,-0.75,-5.0,-2.0,2
18.0,1.0,0.003257328990228013,0.0016286644951140066,1.0,0.5,-0.75,-5.0,-2.0,2
19.0,2.0,0.004885993485342019,0.003257328990228013,1.0,0.3333333333333333,-0.75,-5.0,-2.0,2
20.0,2.0,0.004885993485342019,0.003257328990228013,1.0,0.3333333333333333,-0.75,-5.0,-2.0,2
21.0,2.0,0.004885993485342019,0.003257328990228013,1.0,0.3333333333333333,-0.75,-5.0,-2.0,2
22.0,2.0,0.004885993485342019,0.003257328990228013,1.0,0.3333333333333333,-0.75,-5.0,-2.0,2
23.0,2.0,0.004885993485342019,0.003257328990228013,1.0,0.3333333333333333,-0.75,-5.0,-2.0,2
24.0,2.0,0.004885993485342019,0.003257328990228013,1.0,0.3333333333333333,-0.75,-5.0,-2.0,2
25.0,1.0,0.004885993485342019,0.0016286644951140066,2.0,0.6666666666666666,-0.75,-5.0,-2.0,2
26.0,1.0,0.004885993485342019,0.0016286644951140066,2.0,0.6666666666666666,-0.75,-5.0,-2.0,2
27.0,1.0,0.004885993485342019,0.0016286644951140066,2.0,0.6666666666666666,-0.75,-5.0,-2.0,2
28.0,1.0,0.004885993485342019,0.0016286644951140066,2.0,0.6666666666666666,-0.75,-5.0,-2.0,2
29.0,1.0,0.004885993485342019,0.0016286644951140066,2.0,0.6666666666666666,-0.75,-5.0,-2.0,2
30.0,1.0,0.004885993485342019,0.0016286644951140066,2.0,0.6666666666666666,-0.75,-5.0,-2.0,2
31.0,1.0,0.004885993485342019,0.0016286644951140066,2.0,0.6666666666666666,-0.75,-5.0,-2.0,2
32.0,1.0,0.004885993485342019,0.0016286644951140066,2.0,0.6666666666666666,-0.75,-5.0,-2.0,2
33.0,0.0,0.004885993485342019,0.0,3.0,1.0,-0.75,-5.0,-2.0,2
200.0,0.0,0.004885993485342019,0.0,3.0,1.0,-0.75,-5.0,-2.0,2
